{
  "carBrands": [
    "Maruti Suzuki",
    "Hyundai",
    "Tata",
    "Mahindra",
    "Kia",
    "Honda",
    "Toyota",
    "Ford",
    "Renault",
    "Nissan",
    "Volkswagen",
    "Skoda",
    "MG",
    "Jeep",
    "BMW",
    "Mercedes-Benz",
    "Audi"
  ],
  "carModels": {
    "Maruti Suzuki": ["Alto", "Swift", "Baleno", "Dzire", "Wagon R", "Ertiga", "Brezza", "Ciaz", "S-Cross", "XL6"],
    "Hyundai": ["i10", "i20", "Verna", "Venue", "Creta", "Alcazar", "Tucson", "Elantra"],
    "Tata": ["Tiago", "Tigor", "Altroz", "Nexon", "Harrier", "Safari", "Punch"],
    "Mahindra": ["XUV300", "XUV500", "XUV700", "Scorpio", "Thar", "Bolero"],
    "Kia": ["Seltos", "Sonet", "Carens", "Carnival"],
    "Honda": ["Amaze", "City", "Jazz", "WR-V", "Civic"],
    "Toyota": ["Fortuner", "Innova Crysta", "Glanza", "Urban Cruiser", "Camry"]
  },
  "fuelTypes": [
    "Petrol",
    "Diesel",
    "CNG",
    "Electric",
    "Hybrid",
    "Petrol + CNG"
  ],
  "transmissionTypes": [
    "Manual",
    "Automatic",
    "AMT",
    "CVT",
    "DCT",
    "iMT"
  ],
  "years": [
    "2024",
    "2023",
    "2022",
    "2021",
    "2020",
    "2019",
    "2018",
    "2017",
    "2016",
    "2015"
  ],
  "colors": [
    "White",
    "Black",
    "Silver",
    "Grey",
    "Red",
    "Blue",
    "Brown",
    "Beige",
    "Orange",
    "Yellow",
    "Green"
  ],
  "seatingCapacity": [
    "2",
    "4",
    "5",
    "7",
    "8"
  ],
  "vehicleTypes": [
    "Sedan",
    "Hatchback",
    "SUV",
    "MUV",
    "Coupe",
    "Convertible",
    "Pickup Truck",
    "Van"
  ],

  "states": [
    "Andhra Pradesh",
    "Arunachal Pradesh",
    "Assam",
    "Bihar",
    "Chhattisgarh",
    "Goa",
    "Gujarat",
    "Haryana",
    "Himachal Pradesh",
    "Jharkhand",
    "Karnataka",
    "Kerala",
    "Madhya Pradesh",
    "Maharashtra",
    "Manipur",
    "Meghalaya",
    "Mizoram",
    "Nagaland",
    "Odisha",
    "Punjab",
    "Rajasthan",
    "Sikkim",
    "Tamil Nadu",
    "Telangana",
    "Tripura",
    "Uttar Pradesh",
    "Uttarakhand",
    "West Bengal",
    "Andaman and Nicobar Islands",
    "Chandigarh",
    "Dadra and Nagar Haveli and Daman and Diu",
    "Delhi",
    "Jammu and Kashmir",
    "Ladakh",
    "Lakshadweep",
    "Puducherry"
  ],
 
  "cities": {
    "Andhra Pradesh": [
      "Visakhapatnam", "Vijayawada", "Guntur", "Nellore", "Kurnool", "Rajahmundry", "Tirupati", "Kadapa",
      "Kakinada", "Anantapur", "Eluru", "Ongole", "Chittoor", "Srikakulam", "Vizianagaram", "Proddatur",
      "Tenali", "Adoni", "Machilipatnam"
    ],
    "Arunachal Pradesh": [
      "Itanagar", "Naharlagun", "Pasighat", "Tawang", "Ziro", "Bomdila", "Tezu", "Seppa", "Aalo",
      "Daporijo", "Roing", "Changlang", "Namsai"
    ],
    "Assam": [
      "Guwahati", "Silchar", "Dibrugarh", "Jorhat", "Nagaon", "Tinsukia", "Tezpur", "Bongaigaon",
      "Karimganj", "Dhubri", "Goalpara", "Hailakandi", "Barpeta", "Lakhimpur"
    ],
    "Bihar": [
      "Patna", "Gaya", "Bhagalpur", "Muzaffarpur", "Purnia", "Darbhanga", "Bihar Sharif", "Arrah",
      "Begusarai", "Katihar", "Chapra", "Sasaram", "Sitamarhi", "Motihari", "Samastipur"
    ],
    "Chhattisgarh": [
      "Raipur", "Bhilai", "Bilaspur", "Korba", "Durg", "Rajnandgaon", "Jagdalpur", "Raigarh",
      "Ambikapur", "Dhamtari", "Kanker", "Mahasamund"
    ],
    "Goa": [
      "Panaji", "Margao", "Vasco da Gama", "Mapusa", "Ponda", "Bicholim", "Curchorem", "Sanquelim",
      "Cuncolim", "Quepem"
    ],
    "Gujarat": [
      "Ahmedabad", "Surat", "Vadodara", "Rajkot", "Bhavnagar", "Jamnagar", "Junagadh", "Gandhinagar",
      "Anand", "Nadiad", "Morbi", "Mehsana", "Bharuch", "Navsari", "Valsad"
    ],
    "Haryana": [
      "Faridabad", "Gurgaon", "Panipat", "Ambala", "Yamunanagar", "Rohtak", "Hisar", "Karnal",
      "Sonipat", "Panchkula", "Kurukshetra", "Jhajjar", "Bhiwani"
    ],
    "Himachal Pradesh": [
      "Shimla", "Dharamshala", "Solan", "Mandi", "Palampur", "Kullu", "Hamirpur", "Bilaspur",
      "Nahan", "Una", "Chamba", "Kangra"
    ],
    "Jharkhand": [
      "Ranchi", "Jamshedpur", "Dhanbad", "Bokaro", "Deoghar", "Hazaribagh", "Giridih", "Ramgarh",
      "Medininagar", "Chirkunda", "Chaibasa", "Gumla"
    ],
    "Karnataka": [
      "Bangalore", "Mysore", "Hubli", "Mangalore", "Belgaum", "Gulbarga", "Davanagere", "Bellary",
      "Bijapur", "Shimoga", "Tumkur", "Raichur", "Udupi", "Hassan"
    ],
    "Kerala": [
      "Thiruvananthapuram", "Kochi", "Kozhikode", "Kollam", "Thrissur", "Palakkad", "Alappuzha",
      "Malappuram", "Kannur", "Kottayam", "Idukki", "Pathanamthitta", "Kasargod"
    ],
    "Madhya Pradesh": [
      "Indore", "Bhopal", "Jabalpur", "Gwalior", "Ujjain", "Sagar", "Dewas", "Satna", "Ratlam",
      "Rewa", "Chhindwara", "Khargone", "Morena"
    ],
    "Maharashtra": [
      "Mumbai", "Pune", "Nagpur", "Thane", "Nashik", "Aurangabad", "Solapur", "Kolhapur",
      "Amravati", "Nanded", "Akola", "Jalgaon", "Latur", "Sangli"
    ],
    "Manipur": [
      "Imphal", "Thoubal", "Bishnupur", "Churachandpur", "Kakching", "Ukhrul", "Senapati",
      "Tamenglong", "Jiribam", "Moirang"
    ],
    "Meghalaya": [
      "Shillong", "Tura", "Nongstoin", "Jowai", "Baghmara", "Williamnagar", "Nongpoh",
      "Resubelpara", "Mairang", "Cherrapunji"
    ],
    "Mizoram": [
      "Aizawl", "Lunglei", "Champhai", "Serchhip", "Kolasib", "Lawngtlai", "Saiha", "Mamit",
      "Khawzawl", "Zawlnuam"
    ],
    "Nagaland": [
      "Kohima", "Dimapur", "Mokokchung", "Tuensang", "Wokha", "Zunheboto", "Phek", "Mon",
      "Longleng", "Kiphire"
    ],
    "Odisha": [
      "Bhubaneswar", "Cuttack", "Rourkela", "Brahmapur", "Sambalpur", "Puri", "Balasore",
      "Bhadrak", "Baripada", "Jharsuguda", "Kendrapara", "Angul"
    ],
    "Punjab": [
      "Ludhiana", "Amritsar", "Jalandhar", "Patiala", "Bathinda", "Mohali", "Pathankot",
      "Hoshiarpur", "Moga", "Batala", "Firozpur", "Sangrur"
    ],
    "Rajasthan": [
      "Jaipur", "Jodhpur", "Kota", "Bikaner", "Ajmer", "Udaipur", "Bhilwara", "Alwar",
      "Bharatpur", "Sikar", "Tonk", "Pali", "Jhunjhunu"
    ],
    "Sikkim": [
      "Gangtok", "Namchi", "Gyalshing", "Mangan", "Rangpo", "Jorethang", "Singtam", "Pelling",
      "Ravangla", "Yuksom"
    ],
    "Tamil Nadu": [
      "Chennai", "Coimbatore", "Madurai", "Tiruchirappalli", "Salem", "Tirunelveli", "Tiruppur",
      "Erode", "Vellore", "Thoothukudi", "Nagercoil", "Dindigul", "Karur", "Kanchipuram"
    ],
    "Telangana": [
      "Hyderabad", "Warangal", "Nizamabad", "Khammam", "Karimnagar", "Ramagundam", "Mahbubnagar",
      "Nalgonda", "Adilabad", "Suryapet", "Sangareddy", "Jagtial", "Mancherial"
    ],
    "Tripura": [
      "Agartala", "Udaipur", "Dharmanagar", "Kailasahar", "Belonia", "Khowai", "Ambassa",
      "Teliamura", "Sabroom", "Amarpur"
    ],
    "Uttar Pradesh": [
      "Lucknow", "Kanpur", "Ghaziabad", "Agra", "Varanasi", "Meerut", "Prayagraj", "Bareilly",
      "Aligarh", "Moradabad", "Noida", "Gorakhpur", "Firozabad", "Jhansi"
    ],
    "Uttarakhand": [
      "Dehradun", "Haridwar", "Roorkee", "Haldwani", "Rudrapur", "Kashipur", "Rishikesh",
      "Pithoragarh", "Nainital", "Almora", "Tehri", "Mussoorie"
    ],
    "West Bengal": [
      "Kolkata", "Howrah", "Durgapur", "Asansol", "Siliguri", "Bardhaman", "Malda",
      "Baharampur", "Habra", "Kharagpur", "Jalpaiguri", "Haldia"
    ],
    "Andaman and Nicobar Islands": [
      "Port Blair", "Car Nicobar", "Diglipur", "Mayabunder", "Rangat", "Hut Bay",
      "Nancowry", "Campbell Bay"
    ],
    "Chandigarh": ["Chandigarh"],
    "Dadra and Nagar Haveli and Daman and Diu": ["Daman", "Diu", "Silvassa"],
    "Delhi": [
      "New Delhi", "Delhi", "North Delhi", "South Delhi", "East Delhi", "West Delhi",
      "Central Delhi", "Dwarka", "Rohini", "Shahdara"
    ],
    "Jammu and Kashmir": [
      "Srinagar", "Jammu", "Anantnag", "Baramulla", "Udhampur", "Kathua", "Pulwama",
      "Rajouri", "Sopore", "Kupwara"
    ],
    "Ladakh": [
      "Leh", "Kargil", "Nubra", "Zanskar", "Drass", "Nyoma", "Khalsi", "Khaltse"
    ],
    "Lakshadweep": [
      "Kavaratti", "Agatti", "Amini", "Andrott", "Minicoy", "Kalpeni"
    ],
    "Puducherry": [
      "Puducherry", "Karaikal", "Mahe", "Yanam"
    ]
  }
}